name,planet,population,description
Dee'ja Peak,Naboo,6700,"A small, isolated city located in the highlands of Naboo, known for its scenic views and historical significance."
Jan-gwa City,Naboo,11000,"A lesser-known city on Naboo, with strong Gungan influence and cultural ties."
Keren,Naboo,52000,"A major trading hub and port city on Naboo, known for its bustling marketplaces and proximity to the Great Grass Plains."
Moenia,Naboo,20000,"A remote city on Naboo, known for its misty, swampy surroundings and relative isolation from the larger cities."
Otoh Gunga (Gungan capital),Naboo,58000,"The underwater capital of the Gungan people, a majestic, domed city hidden beneath the waters of Lake Paonga."
Otoh Langua,Naboo,8000,"A smaller, lesser-known Gungan city located in the underwater regions of Naboo, with unique architecture and traditions."
Spearhead,Naboo,5000,"A minor outpost city on Naboo, known for its strategic military importance during times of conflict."
Spinnaker,Naboo,12000,"A peaceful city on Naboo, located near the western wetlands, known for its agricultural focus and natural beauty."
Theed (human capital),Naboo,120000,"The capital city of Naboo, known for its elegant architecture, royal palace, and status as a cultural and political center."
Peak Station,Aaeton,4600,"A small, elevated city on Aaeton, known for its proximity to the planet’s vast forests and natural beauty."
R4erine,Aaeton,10000,"A riverside city on Aaeton, famed for its tranquility and local wildlife."
Verdant Hills,Aaeton,10000,"A scenic town nestled among the planet's lush green hills, popular with tourists and adventurers."
Capital City,Aaeton,1500000,"The largest city on Aaeton, a hub for trade and commerce surrounded by forests."
Skylight,Aaeton,7600,"A remote settlement on the edge of Aaeton’s forest regions, known for its clear skies and observatories."
Prime City,Aaris III,3500000,"The capital city of Aaris III, a sprawling urban environment with advanced technology and dense population."
Tradeport,Aaris III,50000,"A major trading city on Aaris III, facilitating commerce between planetary systems."
Ironhold,Aaris III,50000,"An industrial city on Aaris III, home to factories and manufacturing centers."
Skyline Metropolis,Aaris III,50000,"A vast urban area known for its towering skyscrapers and high-speed transportation systems."
New Horizon,Aaris III,53500,"A fast-growing city on the outskirts of the urban centers, where innovation and modern architecture thrive."
Aldera,Alderaan,8000000,"The capital city of Alderaan, renowned for its peaceful society, education, and artistic achievements."
Crevasse City,Alderaan,55000,"An underground city built into the mountains of Alderaan, famous for its stunning architecture and vistas."
Terrarium,Alderaan,60000,"A city dedicated to preserving Alderaan’s natural beauty, built with a focus on environmental sustainability."
Pacara,Alderaan,5000,"A small, peaceful village on Alderaan, known for its vibrant culture and dedication to peace."
Valley of the Dawn,Alderaan,10000,"A beautiful settlement located in the valleys of Alderaan, known for its sunrise views and serene atmosphere."
Forest Base,Arbra,500000,"A hidden Rebel Alliance base located deep within the forests of Arbra, known for its strategic importance."
Ewok Falls,Arbra,10000,"A peaceful settlement located near cascading waterfalls, famous for its integration with the natural environment."
Lumina Grove,Arbra,5000,"A small village within the dense forests of Arbra, known for its bioluminescent plants that glow at night."
Verdant Landing,Arbra,5000,"A remote outpost used by traders and explorers, situated in the wild forests of Arbra."
Haven City,Arbra,50000,"A secluded city deep in the forests, focused on preserving Arbra's natural beauty and environment."
Dusthaven,Aargonar,5000,"A small settlement on Aargonar, known for its harsh desert climate and survivalist population."
Sandspire,Aargonar,100000,"A city built on one of the few stable rock formations, serving as a hub for traders and desert travelers."
Wasteland Outpost,Aargonar,5000,"A remote outpost used by scavengers and mercenaries in the barren desert of Aargonar."
The Dry Dunes,Aargonar,5000,"A small, isolated village on the outskirts of Aargonar’s vast desert plains."
Crag City,Aargonar,50000,"A fortified city carved into the mountains, offering some protection from the planet’s extreme desert conditions."
Cloud City,Bespin,1000000,"A floating mining colony famous for its gas production, primarily tibanna gas, and its luxurious resorts."
Ugnaught Town,Bespin,10000,"A settlement primarily inhabited by Ugnaughts, located within the lower levels of Cloud City."
Stormspire,Bespin,5000,"A smaller floating settlement focused on gas mining, located in one of the less populous regions of Bespin's atmosphere."
Skyreach,Aargonar,5000,"A small floating colony built for scientific research, suspended high above the gaseous layers of Bespin."
The Drift,Bespin,50000,"An isolated mining platform used for extracting tibanna gas, floating far from major population centers."
Coronet City,Corellia,15000000,"The capital and largest city of Corellia, known for its spaceports, shipyards, and industrial areas."
Tyrena,Corellia,500000,"A scenic coastal city on Corellia, popular for its beaches and tourism industry."
Kor Vella,Corellia,10000,"A quiet city located on the plains, known for its historical sites and affluent population."
Doaba Guerfel,Corellia,5000,"A small town near the mountains, famous for its agricultural output and peaceful atmosphere."
Blue Sector,Corellia,50000,"A densely populated industrial area within Coronet City, known for its shipbuilding and mechanical industries."
Galactic City,Coruscant,1000000000,"The capital of the Galactic Republic and later the Galactic Empire, a vast ecumenopolis covering the entire planet."
Uscru Entertainment District,Coruscant,50000,"A bustling entertainment district on Coruscant, known for its nightclubs, theaters, and restaurants."
The Works,Coruscant,50000,"A massive industrial area on Coruscant, filled with abandoned factories and machinery, once vital to the planet’s infrastructure."
Senate District,Coruscant,50000,"Home to the Galactic Senate and the central hub of galactic politics and diplomacy."
CoCo Town,Coruscant,10000,"A commercial district popular with working-class citizens, known for its shops and eateries."
Swamp Colony,Dagobah,5000,"A small, temporary settlement set up by explorers and researchers braving the dangerous swamps of Dagobah."
Yoda's Hut,Dagobah,5000,"The secluded dwelling of Jedi Master Yoda during his exile, hidden deep within Dagobah's swampy terrain."
Bog Town,Dagobah,5000,"A remote and abandoned settlement, once used by smugglers who sought to avoid detection."
Mistwater Village,Dagobah,10000,"A settlement that lies on the edge of one of Dagobah’s larger swamps, home to explorers and survivalists."
Dark Side Cave,Dagobah,1000,"A mysterious and powerful cave saturated with the dark side of the Force, feared by many visitors to the planet."
Garang,Dantooine,500000,"The capital city of Dantooine, known for its peaceful atmosphere and large farming communities."
Khoonda,Dantooine,10000,"A settlement built after the Jedi Civil War, established to restore Dantooine’s agricultural prosperity."
Tolan,Dantooine,5000,"A small agricultural town, primarily focused on livestock and grain production."
Dantari Village,Dantooine,5000,"A village inhabited by the Dantari, a native species of Dantooine, located near the planet’s grassy plains."
Ruins of the Jedi Enclave,Dantooine,5000,"The remains of a Jedi training enclave destroyed during the Jedi Civil War, now a place of historical significance."
Bright Tree Village,Endor,2000000,"A large Ewok village built high in the trees, known for its role in the Battle of Endor."
Sunset Valley,Endor,5000,"A small Ewok village nestled in one of Endor’s beautiful forest valleys."
Moonlight Falls,Endor,5000,"A remote settlement located near one of Endor’s majestic waterfalls, inhabited by Ewoks."
Redwood Camp,Endor,5000,"A temporary encampment used by Rebel forces during their campaign against the Empire."
Shadowgrove,Endor,5000,"An isolated Ewok village hidden deep within Endor’s expansive forests, rarely visited by outsiders."
Jungle City,Felucia,250000,"The capital of Felucia, known for its colorful flora, fungi-based architecture, and the planet’s humid climate."
Felucia Outpost,Felucia,5000,"A small outpost used by the Galactic Republic during the Clone Wars, located deep in the Felucian jungles."
Sunfire Fields,Felucia,10000,"A farming settlement where Felucian crops are harvested, famous for its vibrant and unique plant life."
Mushroom Grove,Felucia,5000,"A small village built within a giant fungal forest, inhabited by Felucians and researchers."
Wildlands Village,Felucia,5000,"A remote village on the outskirts of the jungle, home to Felucian natives and wanderers."
Stalgasin Hive,Geonosis,2000000,"The largest Geonosian hive city, home to the Geonosian aristocracy and the planet’s ruling class."
Poggle’s Palace,Geonosis,10000,"The grand palace of Archduke Poggle the Lesser, located within Stalgasin Hive."
Archduke's Tower,Geonosis,10000,"A massive spire located at the heart of Stalgasin Hive, where Geonosian leaders gather."
New Geonosia,Geonosis,10000,"A settlement built after the Clone Wars, in an attempt to rebuild the planet’s war-torn infrastructure."
Bone Pits,Geonosis,5000,"A remote and dangerous area of Geonosis, where the remains of countless creatures and warriors are scattered."
Pelek Baw,Haruun Kal,3000000,"The capital city of Haruun Kal, located in the jungles and known for its military presence and connection to the Jedi."
Utaru,Kashyyyk,5000,"A small village in the deeper jungles of Haruun Kal, home to Korunnai natives."
Highland Ridge,Haruun Kal,5000,"A remote settlement in the mountainous regions of Haruun Kal, known for its dangerous wildlife and extreme conditions."
Kala’uun Outpost,Haruun Kal,10000,"A hidden outpost used during the Clone Wars, situated in the thick jungles of Haruun Kal."
Fogtown,Haruun Kal,10000,"A secluded town surrounded by constant mists and fog, often used by traders and mercenaries."
Echo Base,Hoth,10000,"The Rebel Alliance’s hidden base on Hoth, used during the Galactic Civil War, before being overrun by the Empire."
Glacier Fields,Hoth,5000,"A remote research outpost established to study Hoth’s extreme cold and icy landscape."
Frostspire,Hoth,5000,"A small outpost built into the icy mountains, used by smugglers and explorers."
White Outpost,Hoth,10000,"A temporary settlement used by adventurers who brave Hoth’s harsh conditions."
Iceshelf Village,Hoth,5000,"A small community built on the edges of a vast glacier, home to a few hardy settlers."
Metal Hive,Hypori,500000,"The largest city on Hypori, known for its massive droid factories and industrial production."
Factory Delta,Hypori,50000,"A huge industrial complex where battle droids were produced for the Separatists during the Clone Wars."
Scrap Town,Hypori,10000,"A settlement built from the remains of old droid factories, inhabited by scavengers and mechanics."
Steel Canyon,Hypori,50000,"A mining town that extracts valuable minerals for industrial use on Hypori."
Central Spire,Hypori,50000,"The administrative center of Hypori’s droid production, once controlled by the Techno Union."
Crystal Caves,Ilum,200000,"A sacred site on Ilum, where Jedi would gather crystals for their lightsabers."
Sanctuary Base,Ilum,10000,"A hidden Jedi outpost used during the Clone Wars, located near the planet’s ice caves."
Frost Plains,Ilum,5000,"A small settlement used by explorers and researchers studying Ilum’s icy environment."
Lightspire,Ilum,50000,"An ancient Jedi temple located on Ilum, once a place of pilgrimage for Jedi seeking lightsaber crystals."
Icefort Village,Ilum,5000,"A small outpost on the surface of Ilum, providing shelter to researchers and Jedi alike."
Torran Station,Jabiim,1000000,"A fortified city on Jabiim, known for its role in the planet’s many conflicts during the Clone Wars."
Thunder Ridge,Jabiim,10000,"A mountainous settlement battered by constant storms and rainfall, known for its mining operations."
Mudtown,Jabiim,5000,"A small town located in one of the planet’s less hospitable regions, often dealing with flooding and harsh weather."
Stormbase,Jabiim,7006,"A military outpost used during the Clone Wars, situated on one of the planet’s high ridges."
Floodplain Village,Jabiim,2117,"A small settlement often inundated by Jabiim’s heavy rainfall, home to farmers and miners."
Tipoca City,Kamino,5000000,"The capital of Kamino, a vast, floating city where the Grand Army of the Republic was cloned."
Tala City,Kamino,640,"A smaller cloning facility located in one of Kamino’s distant oceans, primarily focused on scientific research."
Cloudreach,Kamino,33139,"A research city located high above the Kaminoan oceans, specializing in genetic studies."
Rising Tide,Kamino,7105,"A coastal settlement used by Kaminoans to monitor ocean currents and weather patterns."
Wavecrest Station,Kamino,1149,"A small outpost used for oceanic exploration and research on Kamino’s aquatic life."
Kachirho,Kashyyyk,10000000,"The largest Wookiee city on Kashyyyk, known for its towering wroshyr trees and central role in Wookiee culture."
Rwookrrorro,Kashyyyk,34166,"A major city in the Wookiee homeworld’s vast forests, famous for its tall tree-dwellings and wooden architecture."
Rryatt Trail Village,Kashyyyk,2382,"A remote settlement along the dangerous Rryatt Trail, inhabited by Wookiees and travelers."
Tynn village,Kashyyyk,1783,"A smaller village deep in the forests of Kashyyyk, known for its peaceful atmosphere and connection to nature."
Hiskarran,Kashyyyk,2953,"A hidden Wookiee village built high in the wroshyr trees, far from the Empire’s reach."
Kessel City,Kessel,1500000,"The largest city on Kessel, known for its spice mines and harsh conditions."
Spice Town,Kessel,3147,"A dangerous settlement built around the spice mines, home to smugglers and criminals."
Work Camp 17,Kessel,0,"A labor camp where prisoners are forced to work in the spice mines under brutal conditions."
Darkside Outpost,Kessel,1109,"A remote outpost used for illegal spice smuggling operations, hidden deep in Kessel’s barren landscape."
Maw Station,Kessel,0,"A research station located near the Maw, where Imperial scientists conduct secret experiments."
Mimban Outpost,Mimban,300000,"A key military outpost used during the Clone Wars, located in the swamps of Mimban."
Marsh Haven,Mimban,5771,"A settlement built on stilts to avoid the swamps, inhabited by miners and soldiers."
Foggy Creek,Mimban,1444,"A small village hidden in the swampy fogs of Mimban, home to farmers and wanderers."
Mimban Mine Camp,Mimban,4092,"A mining settlement built in the heart of Mimban’s swampy terrain, extracting valuable minerals."
Bog City,Mimban,37936,"A floating city built over the swamps, serving as a hub for mining and military activity."
Nelvaan Village,Nelvaan,200000,"A village inhabited by the native Nelvaanians, known for its tribal structure and connection to nature."
Ice Cliffs Outpost,Nelvaan,2934,"A small outpost located near Nelvaan's icy cliffs, used by traders and explorers."
Frostspire,Nelvaan,2564,"A remote settlement nestled among the frozen peaks, home to miners and adventurers."
Snowfield Town,Nelvaan,3459,"A small town on the frozen plains of Nelvaan, where settlers brave the cold in search of resources."
Glacier Camp,Nelvaan,0,"A temporary encampment used during the Clone Wars, established to study the planet’s ice fields."
Worlport,Ord Mantell,4000000,"The capital and largest city on Ord Mantell, known for its casinos, spaceports, and criminal underworld."
Mantellian Outpost,Ord Mantell,3664,"A military outpost established by the Republic to maintain control over the planet’s crime-ridden regions."
Scrap Town,Ord Mantell,13887,"A settlement built from the remnants of old starships, home to scavengers and mechanics."
Junk City,Ord Mantell,33652,"A large city built within the planet's sprawling junkyards, known for its massive scrap markets."
Smuggler’s Den,Ord Mantell,,"A hidden town catering to smugglers and outlaws, located far from the reach of authorities."
Roon City,Roon,1500000,"The capital city of Roon, a bustling trading hub known for its unique location in the Cloak of the Sith."
Port Quell,Roon,1233,"A small port city on Roon, famous for its connections to interstellar trade and smuggling routes."
Stone Haven,Roon,3822,"A quiet settlement nestled in the rocky terrain of Roon, known for its serene environment."
Quasar Colony,Roon,,"A research colony located near the Cloak of the Sith, focused on studying Roon’s unique geological features."
Roon’s Landing,Roon,1396,"A small settlement used by travelers and traders passing through the Cloak of the Sith."
Saleucami City,Saleucami,600000,"The main city on Saleucami, known for its arid environment and strategic importance during the Clone Wars."
Oasis Village,Saleucami,2191,"A small village located near one of the few water sources on Saleucami, home to farmers and traders."
Dust Haven,Saleucami,2795,"A remote settlement built in the desert, known for its isolation and harsh living conditions."
Bunker Town,Saleucami,,"A fortified town used by the Republic during the Clone Wars, now inhabited by settlers."
Scorch Plains Outpost,Saleucami,1340,"A small military outpost located in the barren deserts of Saleucami, abandoned after the Clone Wars."
Corvala,Shili,2000000,"The capital city of Shili, home to the Togruta people and a cultural hub for the planet."
Togoria,Shili,28957,"A city known for its rich history and connection to Togruta traditions and rituals."
Savanna Village,Shili,1210,"A small settlement located in Shili’s grasslands, inhabited by Togruta who live off the land."
Red Canyons Outpost,Shili,3375,"A remote outpost near the Red Canyons of Shili, used by explorers and researchers."
Shili Temple Grounds,Shili,,"An ancient temple site, sacred to the Togruta people, located deep in the wilderness of Shili."
Royal City,Tammuz-an,1000000,"The capital of Tammuz-an, home to the planet’s ruling family and known for its majestic architecture."
Sky Palace,Tammuz-an,,"A grand palace floating above the clouds, where the rulers of Tammuz-an reside."
Crystal Village,Tammuz-an,2291,"A small village known for its beautiful crystal formations and its close-knit community."
Mountain Fortress,Tammuz-an,2420,"A remote fortress used by the rulers of Tammuz-an for defense and strategic purposes."
Cloudreach Station,Tammuz-an,14079,"A settlement built high in the mountains, providing breathtaking views and a peaceful environment."
Mos Eisley,Tatooine,200000,"A bustling spaceport town, infamous for its cantina and reputation as a haven for smugglers and criminals."
Mos Espa,Tatooine,9323,"A major settlement on Tatooine, known for its podracing arenas and connections to the Hutt Cartel."
Anchorhead,Tatooine,832,"A small moisture farming town, one of the earliest settlements on Tatooine, frequented by travelers and traders."
Mos Entha,Tatooine,7485,"A lesser-known settlement on Tatooine, home to moisture farmers and a few traders."
Bestine,Tatooine,24316,"The de facto capital of Tatooine, located near the planet’s western sea, known for its relative affluence compared to other cities."
Pau City,Utapau,800000,"The capital of Utapau, a sinkhole city inhabited by the native Pau'ans and Utai, known for its deep craters."
Tar City,Utapau,1685,"A smaller sinkhole settlement, serving as a hub for trade and commerce on Utapau."
Spire Town,Utapau,517,"A remote outpost located on the edge of one of Utapau's sinkholes, used for scientific research."
Rock Landing,Utapau,1575,"A mining settlement in one of the planet's smaller sinkholes, known for its difficult working conditions."
Sinkhole Station,Utapau,978,"A small trading post established within a minor sinkhole, serving travelers and traders passing through Utapau."
Bast Castle,Vjun,300000,"The dark and foreboding castle of Darth Vader, located on the stormy and acidic surface of Vjun."
Acid Rain Valley,Vjun,1317,"A remote and desolate area on Vjun, plagued by constant acidic rainstorms, where few dare to venture."
Stormkeep,Vjun,2295,"A small fortress built by dark side acolytes, hidden in Vjun’s stormy valleys."
Shadow Village,Vjun,9094,"A hidden settlement inhabited by those seeking refuge from the galaxy’s wars, located in the mountains of Vjun."
Fortress of the Dark,Vjun,0,"An ancient structure built by a Sith Lord, located deep in Vjun's barren landscape."
Massassi Temple,Yavin 4,600000,"An ancient temple complex used by the Rebel Alliance as their primary base during the Galactic Civil War."
Exile Base,Yavin 4,3230,"A small Rebel outpost located deep in the jungles of Yavin 4, hidden from Imperial forces."
Jungle Camp,Yavin 4,10703,"A temporary settlement set up by explorers and researchers, studying the planet’s unique ecology."
Great Temple,Yavin 4,0,"An ancient structure built by the Massassi, later used by the Rebellion as a command center."
Scout’s Rest,Yavin 4,2424,"A remote outpost used by Rebel scouts during their time on Yavin 4, located deep in the jungle."
Ziost City,Ziost,2500000,"The capital city of Ziost, a dark and cold world steeped in Sith history, once home to ancient Sith Lords."
Sith Fortress,Ziost,0,"A massive fortress built by the ancient Sith, located in the frozen wilderness of Ziost."
Frozen Hold,Ziost,2167,"A remote outpost located on the icy plains of Ziost, often used by Sith acolytes for training and meditation."
Shadowtown,Ziost,4967,"A settlement inhabited by dark side practitioners and those who have chosen to live away from the Republic’s influence."
Darkspire,Ziost,0,"An isolated fortress where Sith Lords once trained their apprentices, located high in the mountains of Ziost."
Myrra,Akiva,120000,"A bustling city on the Outer Rim planet Akiva, center of Imperial activity."
T'kegit,Abyssin,7929,"The largest settlement of the Abyssin people, located in the harsh desert regions of the planet, known for its trading and tribal gatherings."
Glitterstone City,Adarlon,41106,"A major city on Adarlon, known for its entertainment industry, including theaters and performance halls."
New Adarlon,Adarlon,18439,"A bustling city on Adarlon, known for its vibrant arts and entertainment scene, including holotheaters and live performances."
Entertainment District,Adarlon,,"The heart of Adarlon’s artistic culture, featuring theaters, galleries, and performance spaces."
Aleen Citadel,Aleen,27975,"A heavily fortified city located on the surface of Aleen, inhabited by Aleena, famous for its intricate underground tunnels."
Aleen City,Aleen,42012,"The capital city of Aleen, home to both the surface-dwelling Aleena and the subterranean Kindalo."
Abyssin Village,Abyssin,2366,"A small settlement located in the desert regions, inhabited by the nomadic Abyssin species."
Antar City,Antar,11024,"The largest settlement on Antar, a city known for its close proximity to Antar’s extensive moon system."
Port Arkanis,Arkanis,39927,"A significant trade city on Arkanis, frequently visited by smugglers and traders moving through the Outer Rim."
Kuiil's Homestead,Arvala-7,2123,"A small, remote homestead located on the desert plains of Arvala-7, once home to the Ugnaught Kuiil."
Bandor,Bandomeer,27917,"The capital city of Bandomeer, known for its extensive mining operations and agriculture."
Baraboo Settlement,Baraboo,1990,"A small and remote settlement inhabited by the native Barabel species, known for its rugged terrain."
Black Spire Outpost,Batuu,0,"A bustling trading post on Batuu, frequented by smugglers, traders, and travelers from all over the galaxy."
Boz Pity Graveyard,Boz Pity,45670,"A war-torn area on Boz Pity, known for the large number of battle droids and fallen soldiers scattered across the landscape."
Bracca Scrapyard,Bracca,27311,"A large scrapyard planet where starships from across the galaxy are dismantled and recycled by the Scrapper Guild."
Brendok City,Brendok,10558,"The largest settlement on Brendok, known for its strategic importance in trade and defense in the Outer Rim."
Canto Bight,Cantonica,31749,"A luxurious casino city on Cantonica, known for its wealthy elite, gambling, and racing events."
Nehrua City,Cato Neimoidia,25612,"A major bridge city on Cato Neimoidia, home to the wealthy Neimoidian elite and known for its massive suspension bridges."
Kebolar,Cato Neimoidia,,"Another of Cato Neimoidia's bridge cities, used for trade and storage of goods imported through the planet’s vast spaceports."
Cha'khe Outpost,Cha'khe,1169,"A small and isolated outpost on Cha'khe, inhabited by nomadic groups and traders passing through the system."
Hanna City,Chandrila,25815,"The capital city of Chandrila, known for its peaceful environment, politics, and its role in the Galactic Senate."
Emita,Chandrila,2391,"A small town on Chandrila, known for its farms and peaceful surroundings, often visited by tourists seeking a quiet retreat."
Wildlands Base,Cholganna,573,"A remote base used by explorers and researchers who brave the dangerous wildlife of Cholganna."
Coda Settlement,Coda,2840,"A small settlement on Coda, known for its self-sufficiency and isolation from the wider galaxy."
Cordex Capital,Cordex,22099,"The capital city of Cordex, a planet known for its rich natural resources and industrial output."
Curamelle,Corulag,30590,"The capital city of Corulag, known for its prestigious universities and as a key political hub in the Core Worlds."
Corvus Outpost,Corvus,847,"A small, abandoned settlement used by travelers and survivors in the Outer Rim."
Crait Outpost,Crait,13532,"A former Rebel Alliance outpost hidden in the salt flats of Crait, later used by the Resistance during the First Order conflict."
D'Qar Base,D'Qar,0,"A secret Resistance base hidden in the forests of D'Qar, serving as the main headquarters during the early conflict with the First Order."
Nightsister Village,Dathomir,8637,"The primary settlement of the Nightsisters, a clan of Force-sensitive witches on Dathomir."
Spider Clan Village,Dathomir,1020,"A remote village on Dathomir inhabited by the Spider Clan, known for their dark rituals."
Montellian Serat,Devaron,44516,"The capital city of Devaron, known for its rich culture and political influence."
Duro City,Duro,27065,"The largest floating city on Duro, home to the planet’s industrial and spacefaring population."
Eadu Research Station,Eadu,0,"A hidden Imperial research facility on Eadu, where Galen Erso worked on the Death Star’s superweapon."
Phelar,Eriadu,20555,"The capital city of Eriadu, an industrial powerhouse known for its shipyards and heavy manufacturing."
Sootri City,Eriadu,29275,"An important industrial city on Eriadu, contributing to the planet’s position as a key economic player in the Outer Rim."
Galidraan City,Galidraan,31416,"The largest city on Galidraan, known for its cold climate and its historical connection to the Mandalorian Civil War."
Paddle City,Glee Anselm,22659,"The capital city of Glee Anselm, home to the Nautolan species, located in the underwater regions of the planet."
Hosnian Prime City,Hosnian Prime,40496,"The capital of Hosnian Prime, an important political and economic hub in the galaxy, later destroyed by Starkiller Base."
Diathim Colony,Iego,8673,"A settlement of the Diathim, also known as the 'Angels', located on the planet Iego."
Nashuaga City,Iego,18409,"A bustling trade city on Iego, where travelers and smugglers often stop on their way through the Outer Rim."
Jedha City,Jedha,26231,"A holy city on Jedha, known as a pilgrimage site for those who follow the Force, later destroyed by the Death Star."
New Dawn Settlement,Jedha,2737,"A small settlement near Jedha City, home to refugees and survivors of the Empire’s occupation."
Jelucan Outpost,Jelucan,9345,"A military outpost on Jelucan, known for its connection to the Imperial Academy and its harsh mountainous terrain."
Jigoro Village,Jigoro,712,"A small village on Jigoro, known for its tight-knit farming community and peaceful surroundings."
Jorad Mining Station,Jorad,,"A mining station on Jorad, known for its valuable mineral resources and industrial focus."
The Ring of Kafrene,Kafrene,10175,"A bustling trade outpost built between two asteroids, serving as a hub for smugglers and traders in the galaxy."
Kiffex Stronghold,Kiffex,46653,"A fortified city on Kiffex, used by the Guardians of Kiffu to imprison dangerous criminals."
Kijimi City,Kijimi,36270,"A snowy mountain city on Kijimi, known for its black market and criminal underworld before being destroyed by the First Order."
Kiros City,Kiros,24707,"The capital city of Kiros, home to the Togruta people, known for its peaceful artisans and culture."
Valley of the Dark Lords,Korriban,,"An ancient burial ground on Korriban, where Sith Lords are entombed, surrounded by the ruins of temples and tombs."
Dreshdae,Korriban,10877,"A settlement near the Sith Academy on Korriban, used by scholars and Sith acolytes."
Kothlis Base,Kothlis,,"A strategic Rebel Alliance base on Kothlis, used during the Galactic Civil War, known for its lush terrain."
Lira San City,Lira San,37149,"The hidden capital city of the Lasat species, located on the distant and mystical planet of Lira San."
Capital City,Lothal,44660,"The largest city on Lothal, known for its agricultural industry and later for its occupation by the Empire."
Jhothal,Lothal,550,"A small settlement on the plains of Lothal, home to farmers and rebels resisting the Empire."
Ahto City,Maanan,29397,"A massive floating city on Maanan, home to the Selkath species and known for its production of kolto, a healing substance."
Coral City,Maanan,3191,"A smaller underwater city on Maanan, specializing in underwater research and kolto harvesting."
Mancala City,Mancala,22244,"The capital city of the oceanic planet Mancala, home to both the Mon Calamari and Quarren species."
Coral Depths,Mancala,32967,"An underwater city on Mancala, known for its role in shipbuilding and resistance during the Clone Wars."
Mikkura City,Mikkura,18446,"The largest city on Mikkura, known for its research facilities and trade with nearby systems."
Dac City,Mon Cala,21975,"The capital city of Mon Cala, home to both Mon Calamari and Quarren species, known for its shipyards and underwater architecture."
New Coral City,Mon Cala,47022,"A major underwater city on Mon Cala, central to the planet’s shipbuilding industry and naval power."
Harnaidan,Muunilinst,34620,"The capital city of Muunilinst, known as a financial hub and home to the InterGalactic Banking Clan."
Nar Shaddaa Promenade,Nar Shaddaa,44107,"A large and bustling area of Nar Shaddaa, famous for its casinos, nightlife, and criminal activity."
Refugee Sector,Nar Shaddaa,,"A poverty-stricken area of Nar Shaddaa, home to countless refugees and displaced people from across the galaxy."
Nevarro City,Nevarro,5652,"The main settlement on Nevarro, a trading hub and later a base for the Bounty Hunters' Guild."
Nossorri Village,Nossorri,3500,"A peaceful village on Nossorri, known for its lush forests and agricultural economy."
Iziz,Onderon,41622,"The capital city of Onderon, known for its fortified walls and history of conflict with the surrounding jungles."
Ossus Academy,Ossus,,"An ancient Jedi academy on Ossus, dedicated to training Jedi and studying the Force."
Pasaana Settlement,Pasaana,4540,"A settlement on Pasaana inhabited by the Aki-Aki species, known for their annual Festival of the Ancestors."
Festival Grounds,Pasaana,,"The location of the Festival of the Ancestors on Pasaana, where celebrations take place every 42 years."
Peragus Mining Facility,Peragus,41202,"A large mining facility on Peragus II, known for its extraction of fuel and other resources, later destroyed in an explosion."
Rakata Ruins,Rakata Prime,,"The ancient ruins of the Rakata Infinite Empire, scattered across the islands of Rakata Prime, a site of historical importance."
Raxulon,Raxus,37549,"The capital city of Raxus, known for its political significance as the former capital of the Confederacy of Independent Systems."
Lessu,Ryloth,48167,"The capital city of Ryloth, located on a rocky plateau, serving as a stronghold for the Twi'lek people."
Nabat,Ryloth,1821,"A small town on Ryloth, known for its agricultural production and Twi'lek culture."
Dox Pitar,Scipio,34131,"The capital of Scipio, a cold, mountainous planet that serves as the headquarters of the InterGalactic Banking Clan."
Sernpidal City,Sernpidal,48729,"The largest city on Sernpidal, destroyed when its moon, Dobido, crashed into the planet due to a Yuuzhan Vong weapon."
Sorgan Village,Sorgan,2271,"A peaceful, agrarian village on Sorgan, known for its self-sustaining lifestyle and isolation from galactic conflicts."
Pinyumb,Sullust,34180,"The capital city of Sullust, known for its volcanic environment and as the home of SoroSuub Corporation."
Sullust Base,Sullust,,"A key Rebel Alliance base located in the volcanic caves of Sullust, used during the Galactic Civil War."
Citadel Station,Telos,34381,"A large space station orbiting Telos IV, used to oversee the planet’s restoration efforts after the Jedi Civil War."
Restoration Zone 0031,Telos,,"One of the many restoration zones on the surface of Telos, focusing on rebuilding the planet’s ecosystem."
Monastery,Teth,,"An ancient monastery on the planet Teth, used by the Hutt Cartel as a hideout and staging point for smuggling operations."
Anorad,Thule,21368,"The capital city of Thule, known for its dark history with the Sith and its strategic importance in galactic conflicts."
Tion Capital,Tion Cluster,17439,"The largest city in the Tion Cluster, serving as the political and economic center of this star cluster."
Toydor,Toydaria,41338,"The capital city of Toydaria, home to the Toydarian species and known for its swampy terrain and political neutrality."
Amur,Tund,48528,"A once-great city on Tund, destroyed during the Sith Wars, now a barren wasteland haunted by the remnants of dark side magic."
Ueda Outpost,Ueda,527,"A small outpost on Ueda, used by travelers and traders passing through this remote region of the galaxy."
Fort Ypso,Vandor,200,"A small outpost on Vandor, known for its snowy terrain and smuggling activity."
Verik City,Verik,7602,"The largest settlement on Verik, known for its trade routes and strategic importance in the Outer Rim."
Voss-Ka,Voss,38894,"The capital city of Voss, inhabited by the Force-sensitive Voss species, known for its mystic traditions and towering architecture."
Givin Fortress,Yag'Dhul,16888,"A fortified city on Yag'Dhul, built to withstand the planet’s extreme tidal forces and home to the mathematically skilled Givin species."
Zarim Capital,Zarim,,"The central hub of Zarim, known for its advanced technology and peaceful diplomatic relations with nearby systems."
Zarook Base,Zarook,,"A hidden military base on Zarook, used by various factions over the course of galactic conflicts."
Ancient Vault,Zeffo,,"An ancient structure built by the Zeffo species, hidden deep within the mountains and shrouded in mystery."
Zeltron City,Zeltron,70000,"The largest city on Zeltron, famous for its vibrant culture, entertainment, and the emotional sensitivity of its inhabitants."
Sekot,Zonama Sekot,36513,"A sentient city on Zonama Sekot, formed from the planet’s living ecosystem, known for its role in galactic history and shipbuilding."